{
  "id": "Diktat Enhancement",
  "name": "Diktat Enhancement",
  "author": "JAL28",
  "version": "1.1.0",
  "description": "Buffs the Sindrian Diktat by adding loads of content to it(mostly campaign-related like markets, systems, industries etc). Aimed to give the Diktat an actual fighting chance in Nexerelin rounds. Intended to be used with Nexerelin. Now compatible with PAGSM.",
  "gameVersion": "0.95.1a-RC6",
  "jars": [
    "jars/DE.jar"
  ],
  "dependencies": [
        {
            "id": "nexerelin",
            "name": "Nexerelin",
        },
    ],
  "modPlugin": "data.scripts.DE_ModPlugin"
}