id,trigger,conditions,script,text,options,notes
#RULESET_NAME DE,,,,,,
# Trade panel flavor text,,,,,,
flavorTextMarketDEDrakon,TradePanelFlavorText,"$market.id == drakon score:1000
$global.tradePanelMode == MARKET","AddText"" As your shuttle descends down the central shaft of the port, you can't help but note how bleak the entire concourse looks. As soon as you disembark from the shuttle, a cold breeze chills you; it seems the heating systems here are either being underused, or that the ambient temperature is so low that not even the best heating systems can get rid of the deathly cold. The landing area is only populated by a few ships, with most of them being freighters loading organics for shipment. A dour-faced Diktat logistics officer, evidently hating their job here, quickly processes you before moving on to the other incoming ships, for which there are very few.""marketFlavorTextColor",,,
flavorTextMarketDEDrakonSneak,TradePanelFlavorText,"$market.id == drakon score:1000
$global.tradePanelMode == MARKET
$player.transponderOn == false","AddText"" The shuttle lands in the bottom of a crater blackened from past eruptions of organics. Even in your suit you can still feel the cold as you walk across the frozen surface of Drakon towards a maintainence shaft. Upon getting inside, you can feel the suspicious stares of off-duty workers piercing through you as you make your way to the port marketplace without being detected by the patrolling guards in the organics harvesting facility.""marketFlavorTextColor",,,
flavorTextMarketDERavaryea,TradePanelFlavorText,"$market.id == ravaryea score:1000
$global.tradePanelMode == MARKET","AddText"" The air-conditioned main port concourse is populated by a flurry of peddlers selling tourism-related wares, like souveniors or figurines. Many of the usual traits of a Diktat market are absent here, like the noisome propaganda posters, likely to make the planet more accomodating to tourists hailing from other factions. Upon booting up your TriPad, you are imediately assaulted with advertisements for the many planetside amusement parks and zoos, and it takes almost a minute to clear them out. You follow the signs hung on the ceiling of the port, directing you towards the marketplace.""marketFlavorTextColor",,,
flavorTextMarketDERavaryeaSneak,TradePanelFlavorText,"$market.id == ravaryea score:1000
$global.tradePanelMode == MARKET
$player.transponderOn == false","AddText"" Your shuttle lands in the thick of one of the few primary jungles covering Ravaryea so as to avoid detection. Walking out of the shuttle, you are immediately assaulted by the smell of lush greenery and surprisingly humid and hot air, considering the distance of Ravaryea from its sun. Trudging through the thick jungle, you endure almost an hour of insect bites and noisy animal calls before finally reaching a boardwalk trailing along the villas used as habitation for more affluent tourists. The suspicious and alarmed glares of the inhabitants are quickly quelled by your half-hearted excuse that you were a worker checking up on the 'lights in the jungle', and you follow the boardwalk and wooden signs towards the main port concourse. "" marketFlavorTextColor
",,,
flavorTextMarketDEViewport,TradePanelFlavorText,"$market.id == andor_viewport score:1000
$global.tradePanelMode == MARKET","AddText"" After touching down in the large and spacious port concourse, you enter the main hall to be greeted with the main entrance of the Lion's Guard Campus, complete with a large purple banner reading 'Serve the Lion, Enrol Now!' draped over it. All around you are students rushing from place to place, or reading books on benches and tables, or chatting with friends. After being processed by the entrance guards, you are escorted to the right wing of the campus, which is where you're told the military equipment and ships are sold, away from the prying eyes of mischievous Guard students."" marketFlavorTextColor",,,
flavorTextMarketDEViewportSneak,TradePanelFlavorText,"$market.id == andor_viewport score:1000
$global.tradePanelMode == MARKET
$player.transponderOn == false","AddText"" Your shuttle stops over a maintainence shaft in the bowels of the main concourse, away from the many prying eyes of the Diktat patrols surrounding the upper structure. Walking through the dark shaft, you make it into a maze of corridors, apparently one of the lower levels of the academy. A few students pass by you, but they seem to have more pressing matters on their minds than worrying about your presence. "" marketFlavorTextColor
AddText ""After finally decoding the astonishingly convoluted maps of the academy, you manage to stumble your way to the right wing and somehow manage to make yourself look like a person who was authorized to come here. While most legal traders refuse to trade to you without express evidence that you were authorized, other less scrupulous or desperate traders are more than willing to sell you wares."" marketFlavorTextColor",,,
flavorTextMarketDERyzan,TradePanelFlavorText,"$market.id == ryzan_supercomplex score:1000
$global.tradePanelMode == MARKET","AddText"" Weaving through the jutting irregularities of protruding hab-modules, your shuttle makes its way to the gargantuan port module situated in the centre of the complex. The main port concourse is extremely crowded with everything from tramp freighters to transit shuttles to Dikat-marked combat ships residing in the spaceport. Outside of thick multi-layered glass windows, you can faintly see the starlight glint on bronze colour that signifies the multiple Diktat fleets perpetually standing guard over Ryzan Supercomplex."" marketFlavorTextColor
AddText "" Curiously, on many surfaces, there are reminders to always follow the map of Ryzan Supercomplex given to all spacers who enter it, with a reference to a helpline operated by the Diktat for anyone 'lost in the depths of the Ryzan Supercomplex'. On promenant bulkheads there lie massive maps of the full station; concerningly, dozens of Missing posters cover the area around these maps, the oldest of which are already yellowing and frayed at the edges."" marketFlavorTextColor",,,
flavorTextMarketDESindria,TradePanelFlavorText,"$market.id == sindria score:1000
$global.tradePanelMode == MARKET","AddText"" Due to the close proximity of Sindria to Askonia, approaching it on the daylight side is nothing less than suicide; Instead, Sindria operates multiple port concourses, all connected to the surface by heavily-insulated blast doors, and whichever port is on the night side is used. Descending through one such opening, your shuttle enters into a cavernous space where dozens of ships, mostly Diktat warships crowd in the subterranean volume. "" marketFlavorTextColor
AddText ""Being the capital of the Sindrian Diktat, the propaganda ministry has doubled down on its efforts to indoctrinate anyone who sets foot here; on almost every surface there lies at least one purple-white banner, Andrada holoprojector or holoscreen broadcasting propaganda films. "" marketFlavorTextColor",,,
flavorTextMarketDETriTachyon,TradePanelFlavorText,"$global.tradePanelMode == MARKET
$faction.id == tritachyon
$marketSize >= 4","AddText"" Instead of the usual peddlers, the port concourse is littered are ceaseless holo-ads for Tri-Tachyon licensed brands, touting everything from fast-food to holovision series and jewelry; as well as many shops selling psychoactive substances usually barred in other markets. Tri-Tachyon officials brief offloading merchants on the latest deals on the commodity markets, while in shady bars loan sharks cut deals with the cash-strapped. Many ships docked here are noticably shinier than normal; likely the freighters of wealthy merchants who made a fortune off drug-running or smuggling heavy arms from Tri-Tachyon markets to whoever pays for them the most. "" marketFlavorTextColor
AddText ""A Tri-Tachyon franchise official welcomes you and offers to update your PDA with the latest Company rates for the local commodity market."" marketFlavorTextColor",,,
flavorTextMarketDEEochuBres,TradePanelFlavorText,"$global.tradePanelMode == MARKET
$market.id == eochu_bres score:1000","AddText"" Flying over alpine forests, desolate tundras and the remarkably picturesque villas of rich Tri-Tachyon executives, your shuttle touches down in the main port concourse. As the cheapest producer of psychoactive chemicals in the Sector, Eochu Bres is a hub of activity, with dozens of grizzled freighters loading various questionably legal goods, likely bound to be smuggled to the rest of the Sector. Even from the windows here you can see the distant plumes of factory columns llittering the snowy landscape; you idly wonder if the workers in those factories are really being paid, or if they are slaves to collosal debts to the Corporation. "" marketFlavorTextColor",,,
flavorTextMarketDEFreeport,TradePanelFlavorText,"$global.tradePanelMode == MARKET
$market.id == askonia_abandoned_station_market score:1000","AddText"" Approaching the cold derelict of the station, one can clearly make out the gaping hole in its centre; the result of the self-destruct of the station's reactor. Despite this, some back-up reactors seem to still be functional, providing enough power to the station to operate the few docking ports that still lay intact. Anything that wasn't destroyed or bolted down has long been looted; your salvage teams note a few gutted frieighter and shuttle wrecks within the maws of the docking ports. This means, you hope, that nobody will come around here to salvage for a long time. "" marketFlavorTextColor
AddText "" Despite having been destroyed over a decade ago, many of the intact segments within the station bear heavy rad-scarring from the weapons fire and residual meltdown radiation from the battle that happened so long ago, making them unsuitable for any usage. In spite of this, your salvage crews identify some general storage areas that are battered and rad-free enough to act as makeshift storage spaces. "" marketFlavorTextColor",,,
flavorTextMarketDEKukayin,TradePanelFlavorText,"$market.id == kukayin score:1000
$global.tradePanelMode == MARKET","AddText"" The independent polity in rule here seems to have taken much inspiration from the Corporation it seceded from; the crest looks suspiciously familiar to the Tri-Tachyon logo, the banners are coloured in a blue colour of only a somewhat different shade from Tachyon blue. Much of the sights here mirror those at any normal Tri-Tachyon market, minus the surprisingly common sights of obviously high workers on their breaks. "" marketFlavorTextColor
AddText ""A cheerful attendant greets you and shows you a standard catalogue of all the commercially available drugs for sale at Kukayin, for both personal use and for export purposes. "" marketFlavorTextColor",,,
flavorTextMarketDECailleach,TradePanelFlavorText,"$market.id == cailleach score:1000
$global.tradePanelMode == MARKET","AddText"" After your shuttle lands at the landing bays present on the surface of the planet, you take a long lift ride down into the main concourse, apparently subterranean. The ride seems to be surprisingly scenic, with the lift opening up to views of the underground pocket seas, kelp farms and fish hatcheries being tended by workers in scuba gear in the azure blue water. After stepping out of the lift, you are greeted with a concourse that looks more like the lobby of a hotel than a real port concourse. "" marketFlavorTextColor
AddText ""A Tri-Tachyon franchise official welcomes you and offers to update your PDA with the latest Company rates for the local commodity market."" marketFlavorTextColor",,,
#END Trade panel flavor text,,,,,,
,,,,,,
# relationship level descriptions,,,,,,
relLevelNeutraldiktat,RelationshipLevelDesc,"$faction.rel == NEUTRAL
$faction.id == sindrian_diktat",,"You are not considered a threat or an ally to the Great Cause, and hence Diktat officials treat you with simple apathy. While this means you won't be getting any concessions from them, it also means they won't cause trouble for you either.",,
relLevelFavorablediktat,RelationshipLevelDesc,"$faction.rel == FAVORABLE
$faction.id == sindrian_diktat",,"While the Diktat has yet to affirm your loyalty to its goals, it sees you as a potential ally and hence treats you with slightly more respect than a normal spacer. Due to this, Diktat officials may be convinced to concede you basic level military gear, yet nothing significant enough to allow you to pose a threat to them.",,
relLevelWelcomingdiktat,RelationshipLevelDesc,"$faction.rel == WELCOMING
$faction.id == sindrian_diktat",,"Your actions in advancing the Great Cause has caught the eyes of the Diktat, and it has began to regard you less as a possible danger to it, than as a potential ally. Word of mouth has spread through the Diktat's lower ranking officials and many speak to you without the gloating, smug demeanor they usually put on to strangers.",,
relLevelFriendlydiktat,RelationshipLevelDesc,"$faction.rel == FRIENDLY
$faction.id == sindrian_diktat",,"The Sindrian Diktat regards you as an ally to the Great Cause and has began treating you as such, lending you military equipment otherwise far out of reach for regular spacers. Among the Diktat's military officials, your actions are applauded, sometimes even worshipped by lower ranking officers, and even higher ranking officials have begun noticing your name. Some even say the Lion himself has taken notice of you, noting you as a potential ally to him.",,
relLevelCooperativediktat,RelationshipLevelDesc,"$faction.rel == COOPERATIVE
$faction.id == sindrian_diktat",,"Having cemented your position as an ally to the Diktat and its Great Cause, you are considered a comrade and partner by much of the Diktat hierachy; already, propaganda films have begun circulating with your name in them, protraying you as a hero and saviour, partner to the Lion in promoting the Great Cause throughout the Sector. Lower ranking officers speak of you in an almost cult-like manner, while you are known personally by much of the Diktat's inner circle. Even the Lion has taken notice of you, sometimes personally coming over on comms to congratulate you or chat with you in a way others can only dream of.",,
relLevelSuspiciousdiktat,RelationshipLevelDesc,"$faction.rel == SUSPICIOUS
$faction.id == sindrian_diktat",,"While nothing has been confirmed yet, your actions have lead the Diktat to become suspicious of your intentions. Officials will often choose to harangue you when possible, while access to any military equipment that could help you against the Diktat is given only grudgingly.",,
relLevelInhospitablediktat,RelationshipLevelDesc,"$faction.rel == INHOSPITABLE
$faction.id == sindrian_diktat",,"The Diktat has noted you as an undesirable element, and while your actions have not been extreme enough for them to take action against, your name is known in a negative light among the Diktat officials. They treat you with disdain and disgust, taking every action concievable to obstruct your progress in their markets, and regularly insult you for being a stain on the Diktat.",,
relLevelHostilediktat,RelationshipLevelDesc,"$faction.rel == HOSTILE
$faction.id == sindrian_diktat",,"You have been indentified as a persistent threat to the Great Cause by the Diktat, and all Diktat officers have been ordered to engage you on sight. Most officers regard you as a blight on the glorious future and would love to wipe you off the face of the Sector.",,
relLevelVengefuldiktat,RelationshipLevelDesc,"$faction.rel == VENGEFUL
$faction.id == sindrian_diktat",,"You are portrayed in propaganda films as a demon, an obstruction to the Great Cause that must be purged at all costs. It is likely that the Diktat's intelligence agencies have already planted spies and assasins among your subordinates, to strike a fatal blow when you least expect it. A hefty cash reward has been signed for your execution by the Lion himself, as well as a promotion order; it is likely there are multiple Diktat commanders on your tail, not only to claim the rewards for your head, but also to show their fanatical loyalty to the Lion.",,
,,,,,,
# Volturn museum - currently unused ,,,,,,
museumInitDialog,MarketPostOpen,"$menuState == main
$hasMarket
!$player.transponderOn
$market.playerHostileTimeout score:100",,"Nearby to the port you landed on is a vast and glamorous arcology, identified by the nav-computer as the Sector-famous Volturn Museum. Its large gleaming arches stand out from the rest of the nearby floating slums and made it easily visible from your ship as you careened in for landing. Perhaps it might be worth a visit.",999:museumOpenDialog:Visit the Volturn Museum,
museumOpenDialog,DialogOptionSelected,$option == museumOpenDialog,,Test stuff for testing,"0:museumContinue1:Pay the entry fee and continue
1:museumLeave:Leave the Museum",
,,,,,,
,,,,,,
museumContinue1,DialogOptionSelected,$option == museumContinue1,,Dialogue goes here,museumContinue2:Test,
museumContinue2,DIalogOptionSelected,$option == museumContinue2,"SetShortcut museumLeave ""ESCAPE""",Dialogue goes here,"0:museumDonation:Donate 1,000 Credits
1:museumContinue3:Continue
2:museumLeave:Leave the Museum",
museumDonation,DialogOptionSelected,$option == museumDonation,"SetShortcut museumLeave ""ESCAPE""",Dialogue goes here,museumLeave:Leave,
museumContinue3,DialogOptionSelected,$option == museumContinue3,"SetShortcut museumLeave ""ESCAPE""",Dialogue goes here,"0:museumLobster:Give food to the Volturnian Lobsters
1:museumLeave:Leave the Museum",
museumLobster,DialogOptionSelected,$option == museumLobster,"SetShortcut museumLeave ""ESCAPE""",Dialogue goes here,museumLeave:Leave the Museum,
museumLeave,DialogOptionSelected,$option == museumLeave,"DismissDialog
AddText"" You leave the Volturnian Museum.""",,,
,,,,,,
,,,,,,
,,,,,,
,,,,,,
AndradaMeetingSetupCommissionOnly,PopulateOptions,"$id == andrada
Commission hasFactionCommission
$global.AlreadyMetAndrada == false

",,,"AndradaMeetingCommissionOnly1:""I hold a Sindrian Diktat Commission.""",
AndradaMeetingSetupCooperativeOnly,PopulateOptions,"$id == andrada
RepGTE $faction.id  COOPERATIVE
$global.AlreadyMetAndrada == false
",,,"AndradaMeetingCooperativeOnly1:""I have cooperative relations with the Sindrian Diktat.""",
AndradsMeetingCommissionOnly1,DialogOptionSelected,$option == AndradaMeetingCommissionOnly1,,"The state-change across the cadet's face as they realize you aren't some tourist is instantaneous. 

""Affirmative Captain $playerName,"" their tone is military-crisp now. ""Received and thank-you $playerSirOrMadam. I will confirm with the Ministry of Intelligence. An officer will speak to you shortly. Please maintain link. This comms out.""

The display flickers back to the crest of the Diktat.",AndradaMeetingCommissionOnly2:Continue,
AndradaMeetingCommissionOnly2,DialogOptionSelected,$option == AndradaMeetingCommissionOnly2,FireBest AndradaMeetingSetupOption,,,
AndradsMeetingCommissionOnly2Fail,AndradaMeetingSetupOption,"RepLTE $faction.id  COOPERATIVE
SetShortcut cutCommLink ""ESCAPE""",,"In a moment the Diktat crest fades away and you find yourself staring at the face of a real Diktat officer.

""Greetings Captain $playerName,"" their tone is military-crisp. ""It is known that you hold a commission to the Diktat; we applaud you for your enthusiasm in promoting the Great Cause across the Sector.""

""However,"" They continue, ""You do not hold the necessary relations needed to speak to the Lion himself. It would be unwise to let an captain who has yet to prove their true loyalty open a personal link to the Lion; it would cause...an uproar. Prove yourself as a loyal cooperative to the Diktat, and perhaps we may change our minds on this.""

With that, the comm-link closes to the Diktat crest, playing an instrumental of the Diktat Anthem as it lazily spins across your holofeed.",cutCommLink:Cut the comm link,
AndradsMeetingCommissionOnly2Succeed,AndradaMeetingSetupOption,"RepGTE $faction.id  COOPERATIVE
",,"In a moment the Diktat crest fades away and you find yourself staring at the face of a real Diktat officer.

""Greetings Captain $playerName,"" their tone is military-crisp. ""It is known that you hold a commission to the Diktat; we applaud you for your enthusiasm in promoting the Great Cause across the Sector.""

""Your reputation preceeds you too,"" They continue, ""According to your reports, under your commission, you have helped the Diktat considerably in forwarding the Great Cause. We will set up a personal link with the Lion shortly.""

With that, the comm-link closes to the Diktat crest, playing an instrumental of the Diktat Anthem as it lazily spins across your holofeed.",AndradaClearanceGained:Continue,
AndradsMeetingCooperativeOnly1,DialogOptionSelected,$option == AndradaMeetingCooperativeOnly1,,"The state-change across the cadet's face as they realize you aren't some tourist is instantaneous. 

""Affirmative $playerName,"" their tone is military-crisp now. ""Received and thank-you $playerSirOrMadam. I will confirm with the Ministry of Intelligence. An officer will speak to you shortly. Please maintain link. This comms out.""

The display flickers back to the crest of the Diktat.",AndradaMeetingCooperativeOnly2:Continue,
AndradaMeetingCooperativeOnly2,DialogOptionSelected,$option == AndradaMeetingCooperativeOnly2,FireBest AndradaMeetingSetupOption2,,,
AndradaMeetingCooperativeOnly2Fail,AndradaMeetingSetupOption2,"SetShortcut cutCommLink ""ESCAPE""",,"In a moment the Diktat crest fades away and you find yourself staring at the face of a real Diktat officer.

""Greetings $playerName,"" their tone is military-crisp. ""It is known that you have fostered high relations with the Diktat. We applaud you on this.""

""However,"" They continue, ""You have yet to show the ultimate sign of loyalty to the Diktat and the Lion, and hence you cannot see him personally as of yet. After all, many entrepreuneurs enjoy fostering good relations with most factions to keep their profit margin high; We have yet to see if that is the case for you.""

With that, the comm-link closes to the Diktat crest, playing an instrumental of the Diktat Anthem as it lazily spins across your holofeed.",cutCommLink:Cut the comm link,
AndradaMeetingCooperativeOnly2Succeed,AndradaMeetingSetupOption2,"Commission hasFactionCommission
",,"In a moment the Diktat crest fades away and you find yourself staring at the face of a real Diktat officer.

""Greetings $playerName,"" their tone is military-crisp. ""It is known that you have fostered high relations with the Diktat. We applaud you on this.""

""Your reputation preceeds you,"" They continue, ""You also hold a commission to the Diktat. Having sworn your loyalty to the Lion through a commission and proven this loyalty by fostering good relations with the Dikat, you will be allowed to speak to the Lion personally. Establishing comm-link shortly.""

With that, the comm-link closes to the Diktat crest, playing an instrumental of the Diktat Anthem as it lazily spins across your holofeed.",AndradaClearanceGained:Continue,
AndradaClearanceGained,DialogOptionSelected,$option == AndradaClearanceGained,ShowPersonVisual,"The spinning Diktat crest and the anthem soon fades into a face you know all too well. The face that taunts from the top of the comms board, yet never actually sees you in person. Not until now.

The Lion himself sits on a posh chair in an opulent purple room, surrounded on both sides by hulking creatures that, you can only assume, are the famed Volturnian Lobster Brutes known to inhabit Sindria. Looking you over with an assessor's eye, you can feel his stare glaring deep into your soul.

""Captain $playerName."" He starts. ""Your reputation among the officers is...remarkable. You have proven yourself a true ally to the Great Cause and everything that the Sindrian Diktat stands for. After all, that is why you are even able to see me in person.""",AndradaClearanceGained2:Continue,
AndradaClearanceGained2,DialogOptionSelected,$option == AndradaClearanceGained2,,"""I know you must very much want to see me in person."" Andrada says, sighing. ""However, even you cannot gain that kind of privilege. My enemies are numerous; they lie in every concievable nook and cranny, waiting for a moment of vulnerability to strike me down."" He says, pounding his fist on the table in front of him to drive the point home. ""The Ministry of Intelligence is not paranoid for no reason, Captain $playerName. This is the most we can spare you to keep my enemies at bay. You have no idea how determined they are to get my head."" He gestures to the brutes behind him, ""Even these, and all the soldiers the Diktat can field are not enough.""",AndradaClearanceGained3:Continue,
AndradaClearanceGained3,DialogOptionSelected,$option == AndradaClearanceGained3,,"""But none of that concerns you much, right? After all, you are but a fleet commander. So, I have a proposition for you."" Says Andrada, moving his wrinkled face closer to the screen.

""My Ministries are efficient at their jobs on a faction-wide scale; indeed, one of the best in the entire Sector. However, they are bureaucratic and slow, and cannot mobilize forces against everything that requires it in sufficient time. And there is the matter of public opinion; it would be...embarrassing if the mighty Diktat had to send a task force to destroy every threat. It would only give the Hegemony another reason to invade us.""",AndradaClearanceGained4:Continue,
AndradaClearanceGained4,DialogOptionSelected,$option == AndradaClearanceGained4,,"""That is where you come in."" Andrada points a finger straight at you.

""Your forces are skilled; far more skilled than even the top graduates of the Lion's Academy. I myself don't know how you managed it, but it is of no concern. Here's the deal; I'll share to you my contact details, and you can run errands for me personally. No need to involve the Ministry of Defense or anything like that.""

""Of course, there will be rewards for you. This is a mercurial society we live in, and few people would work without the incentive of money. After all, fleet commanders like you are always so fond of lining your pockets with ever more credits, no?"" A pause. ""But of course, I would know too; after all, I was once one of them too.""

""Beyond credits, there are other rewards; with my connections, expect to get bounties and equipment you wouldn't get from any other Diktat officer. And you would promote your standing with the Diktat too.""",AndradaClearanceGained5:Continue,
AndradaClearanceGained5,DialogOptionSelected,$option == AndradaClearanceGained5,"FireAll PopulateOptions2
","""So, are you interested?"" Andrada finishes. His eyes are on you, awaiting your response patiently.",,
AndradaAgree,PopulateOptions2,,,,"AndradaAgree:""Yes, I will take up your offer.""",
AndradaRefuse,PopulateOptions2,,,,"AndradaRefuse:""No, I won't take up your offer.""",
AndradaAgree2,DialogOptionSelected,$option == AndradaAgree,"AddPotentialContact
$global.AlreadyMetAndrada = true","""Very good, Captain $playerName,"" Andrada says, satisfied with your decision. ""I believe this partnership will be very�fruitful for both of us.""

A chime from your TriPad; Andrada has sent you the keycodes for his personal comm-link. ""Use this to bypass the...troublesome procedure you endured earlier."" Andrada says nonchalently. ""And don't bother sharing them; these codes are set to self-delete if shared to a TriPad account not in the whitelist."" He warns, before cutting the comm-link. You are brought to the default Diktat spinning crest and the regular patriotic music.",cutCommLink:Cut the comm link,
AndradaRefuse2,DialogOptionSelected,$option == AndradaRefuse,"AddPotentialContact
$global.AlreadyMetAndrada = true","Andrada's face darkens for a moment, some indescribable emotion crossing his face, before bursting out into laughter. ""You make good jokes captain!"" He says, before realizing you're serious.

A chime from your TriPad; Andrada has sent you the keycodes for his personal comm-link. ""Unfortunately for you Captain, the decision was never yours to make; you still are under my jurisdiction, and it is my jurisdiction that you will get the keys, whether you like it or not."" Andrada says, evidently not impressed by your decision. ""Delete them if you want; but know that you won't get a copy of these keys back."" He idly says, before cutting the comm-link. You are brought to the default Diktat spinning crest, the patriotic music blaring at you as if taunting you.",cutCommLink:Cut the comm link,