{
"starSystem":"askonia",
    "markets":[
		{
		"entities":["salus_siphon_plat"],
		"faction":"sindrian_diktat",
		"size":4,
		"startingConditions":[
			"volatiles_diffuse",
			"population_4",
			],
			"industries":[
				"population",
				"spaceport",
				"grounddefenses",
				["mining", "plasma_dynamo"],
				"orbitalstation_high",
			],
		},
		{
		"entities":["opis_mining_plat"],
		"faction":"sindrian_diktat",
		"size":6,
		"startingConditions":[
			"ore_rich",
			"rare_ore_rich",
			"volatiles_trace",
			"no_atmosphere",
			"population_6",
			"outpost",
			"large_refugee_population",
			],
			"industries":[
				"population",
				"spaceport",
				"mining",
				["refining", "catalytic_core"],
				"militarybase",
				"battlestation",
				"heavybatteries",
				"waystation",
			],
		},
		{
		"entities":["drakon"],
		"faction":"sindrian_diktat",
		"size":4,
		"startingConditions":[
			"very_cold",
			"no_atmosphere",
			"dark",
			"organics_plentiful",
			"volatiles_diffuse",
			"population_4",
			"outpost",
			"frontier",
			],
			"industries":[
				"population",
				"spaceport",
				"grounddefenses",
				"mining",
			],
		},

	],
}



