name,id,designation,tech/manufacturer,system id,fleet pts,hitpoints,armor rating,max flux,8/6/5/4%,flux dissipation,ordnance points,fighter bays,max speed,acceleration,deceleration,max turn rate,turn acceleration,mass,shield type,defense id,shield arc,shield upkeep,shield efficiency,phase cost,phase upkeep,min crew,max crew,cargo,fuel,fuel/ly,range,max burn,base value,cr %/day,CR to deploy,peak CR sec,CR loss/sec,supplies/rec,supplies/mo,c/s,c/f,f/s,f/f,crew/s,crew/f,hints,tags,rarity,breakProb,minPieces,maxPieces,travel drive,number
# Fighters,,,,,,,,,,,,,,,,,,,,,,,,,,,,,,,,,,,,,,,,,,,,,,,,,0,,,,
Flurry,de_flurry,,Sindrian Diktat,flarelauncher_fighter,,750,150,800,,50,0,,175,200,100,90,100,80,FRONT,,240,0,1,,,1,1,,,,,,,,,,,,,,,,,,,,,,0,,,,
Bretasinge,de_bretasinge,,Sindrian Diktat,ammofeed,,600,50,500,,50,0,,110,75,50,90,75,300,NONE,,0,0,0,,,0,0,,,,,,,,,,,,,,,,,,,,,,0,,,,
Bretais,de_bretais,,Sindrian Diktat,,,300,50,400,,50,0,,175,400,200,90,180,30,OMNI,,120,0,0.8,,,0,0,,,,,,,,,,,,,,,,,,,,,,0,,,,
Flurry(LG),de_flurry_LG,,Sindrian Diktat,flarelauncher_fighter,,500,100,500,,50,0,,140,150,75,90,75,120,FRONT,,240,0,1,,,1,1,,,,,,,,,,,,,,,,,,,,,,0,,,,
Bretasinge(LG),de_bretasinge_LG,,Sindrian Diktat,,,800,100,750,,100,0,,50,50,25,270,100,400,NONE,,0,0,0,,,0,0,,,,,,,,,,,,,,,,,,,,,,0,,,,
Bretais(LG),de_bretais_LG,,Sindrian Diktat,,,250,50,400,,50,0,,200,500,250,90,180,30,OMNI,,120,0,1,,,0,0,,,,,,,,,,,,,,,,,,,,,,0,,,,
Nephrops,de_nephrops,,Sindrian Diktat,flarelauncher_fighter,,400,30,400,,50,0,,175,200,100,90,100,100,FRONT,,270,0,1,,,2,2,,,,,,,,,,,,,,,,,,,,,,0,,,,
Metanephrops,de_metanephrops,,Sindrian Fuel Company,flarelauncher_fighter,,400,30,400,,50,0,,175,200,100,90,100,100,FRONT,,270,0,1,,,2,2,,,,,,,,,,,,,,,,,,,,,,0,,,,
Homarus,de_homarus,,Sindrian Diktat,flarelauncher_fighter,,800,75,1000,,50,0,,125,100,50,90,100,150,FRONT,,270,0,0.8,,,3,3,,,,,,,,,,,,,,,,,,,,,,0,,,,
Mining Pod(LG),de_miningpod,,Sindrian Diktat,,,50,5,500,,100,0,,325,500,450,180,360,10,NONE,,0,0,0,,,1,1,,,,,,,,,,,,,,,,,,,,,,0,,,,
Woodpecker,de_woodpecker,,Sindrian Diktat,,,600,100,500,,100,0,,140,150,75,60,100,60,FRONT,,270,0,1,,,2,2,,,,,,,,,,,,,,,,,,,,,,0,,,,
Langusta,de_langusta,,Low Tech,flarelauncher_fighter,,650,65,750,,50,0,,110,100,50,90,100,150,OMNI,,180,0,1,,,3,3,,,,,,,,,,,,,,,,,,,,,,0,,,,
,,,,,,,,,,,,,,,,,,,,,,,,,,,,,,,,,,,,,,,,,,,,,,,,,,,,,
# Frigates and Modules,,,,,,,,,,,,,,,,,,,,,,,,,,,,,,,,,,,,,,,,,,,,,,,,,,,,,
Exult Shield Module,exult_shield_module,Shield Module,Midline,fortressshield,0,1000,100,7500,1500,250,0,,0,0,0,0,0,200,FRONT,,170,0.5,0.8,,,0,0,,,,,,,,,,,,,,,,,,,"UNBOARDABLE, HIDE_IN_CODEX",,,1,2,2,,
Mynah,de_mynah,Corvette,Sindrian Diktat,maneuveringjets,3,1250,125,2000,1875,150,35,,175,200,100,180,120,200,FRONT,,150,0.4,1,,,10,20,10,5,1,20,10,8000,10,20,120,0.25,2,2,,,,,,,,"diktat_bp, sindrian_diktat, merc",,0.5,2,2,,1
Mynah(LG),de_mynah_lg,Corvette,Sindrian Diktat,de_temporaloverdrive,3,750,75,3000,1875,250,35,,200,300,150,180,120,200,FRONT,,150,0.4,0.9,,,10,20,10,5,1,20,10,10000,10,20,120,0.25,3,3,,,,,,,,"lg_bp, sindrian_diktat",,1,2,2,,2
,,,,,,,,,,,,,,,,,,,,,,,,,,,,,,,,,,,,,,,,,,,,,,,,,,,,,
# Destroyers,,,,,,,,,,,,,,,,,,,,,,,,,,,,,,,,,,,,,,,,,,,,,,,,,,,,,
Laticlavus,de_laticlavus,Destroyer,Sindrian Diktat,de_polarityinverser,12,5500,400,5000,4167,300,80,,80,60,40,30,60,350,FRONT,,300,0.4,0.7,,,60,120,70,35,2,30,9,50000,5,12,300,0.25,12,12,,,,,,,,"diktat_bp, sindrian_diktat, merc",,0.5,2,3,,3
Laticlavus(LG),de_laticlavus_lg,Destroyer,Sindrian Diktat,de_polarityinverser,15,5000,300,8000,4167,500,70,,80,60,40,30,60,350,FRONT,,300,0.4,0.6,,,60,120,70,35,2,30,9,55000,5,12,300,0.25,15,15,,,,,,,,"lg_bp, sindrian_diktat",,0.75,2,3,,4
,,,,,,,,,,,,,,,,,,,,,,,,,,,,,,,,,,,,,,,,,,,,,,,,,,,,,
# Cruisers,,,,,,,,,,,,,,,,,,,,,,,,,,,,,,,,,,,,,,,,,,,,,,,,,,,,,
Vanquisher,de_vanquisher,Heavy Cruiser,Sindrian Diktat,de_capacitoraugment,15,11000,1100,7500,8000,500,180,,45,40,20,20,40,1800,FRONT,,200,0.4,0.8,,,175,350,150,150,4,30,8,140000,4,12,580,0.25,25,25,,,,,,,,"diktat_bp, sindrian_diktat, merc",,0.4,2,3,,5
Vanquisher(LG),de_vanquisher_lg,Heavy Cruiser,Sindrian Diktat,de_capacitordischarge,15,9000,900,9000,8000,750,170,,65,80,40,50,30,2000,FRONT,,200,0.4,0.7,,,175,350,150,150,4,30,8,160000,4,12,580,0.25,25,25,,,,,,,,"lg_bp, sindrian_diktat",,0.6,2,3,,6
Exult,de_exult,Heavy Carrier,Sindrian Diktat,targetingfeed,15,6000,750,4000,6000,200,125,4,40,60,40,10,20,1300,NONE,,0,0,0,,,200,400,10,10,4,20,8,130000,3,12,360,0.25,23,23,,,,,,,CARRIER,"diktat_bp, sindrian_diktat, merc",,0.5,2,3,,7
Voyager,de_voyager,Cruiser,Sindrian Diktat,highenergyfocus,15,7000,900,10000,10000,900,170,1,55,40,20,20,40,1500,OMNI,,270,0.4,0.6,,,150,250,100,100,4,30,8,150000,4,12,580,0.25,25,25,,,,,,,,"diktat_bp, sindrian_diktat, merc",,0.4,2,3,,8
Starliner(LG),de_starliner_lg,Heavy Carrier,Sindrian Diktat,reservewing,15,6000,350,4000,6000,200,140,4,40,60,40,10,20,1300,OMNI,,180,0.4,0.9,,,100,100,10,10,4,20,8,140000,3,12,420,0.25,25,25,,,,,,,CARRIER,"lg_bp, sindrian_diktat",,0.75,2,3,,9
,,,,,,,,,,,,,,,,,,,,,,,,,,,,,,,,,,,,,,,,,,,,,,,,,,,,,
# Capitals,,,,,,,,,,,,,,,,,,,,,,,,,,,,,,,,,,,,,,,,,,,,,,,,,,,,,
Ingress(LG),de_ingress_lg,Battlecruiser,Sindrian Diktat,plasmajets,28,15000,1200,16000,,1000,240,,50,60,30,35,15,2250,OMNI,,180,0.4,0.9,,,700,1400,150,130,14,19,8,375000,5,15,780,0.25,40,40,,,,,,,,"lg_bp, sindrian_diktat",,0.4,2,4,,10