id,trigger,conditions,script,text,options,notes
#RULESET_NAME DE,,,,,,
# Trade panel flavor text,,,,,,
flavorTextMarketDEDrakon,TradePanelFlavorText,"$market.id == drakon score:1000
$global.tradePanelMode == MARKET","AddText"" As your shuttle descends down the central shaft of the port, you can't help but note how bleak the entire concourse looks. As soon as you disembark from the shuttle, a cold breeze chills you; it seems the heating systems here are either being underused, or that the ambient temperature is so low that not even the best heating systems can get rid of the deathly cold. The landing area is only populated by a few ships, with most of them being freighters loading organics for shipment. A dour-faced Diktat logistics officer, evidently hating their job here, quickly processes you before moving on to the other incoming ships, for which there are very few.""marketFlavorTextColor",,,
flavorTextMarketDEDrakonSneak,TradePanelFlavorText,"$market.id == drakon score:1000
$global.tradePanelMode == MARKET
$player.transponderOn == false","AddText"" The shuttle lands in the bottom of a crater blackened from past eruptions of organics. Even in your suit you can still feel the cold as you walk across the frozen surface of Drakon towards a maintainence shaft. Upon getting inside, you can feel the suspicious stares of off-duty workers piercing through you as you make your way to the port marketplace without being detected by the patrolling guards in the organics harvesting facility.""marketFlavorTextColor",,,
flavorTextMarketDERavaryea,TradePanelFlavorText,"$market.id == ravaryea score:1000
$global.tradePanelMode == MARKET","AddText"" The air-conditioned main port concourse is populated by a flurry of peddlers selling tourism-related wares, like souveniors or figurines. Many of the usual traits of a Diktat market are absent here, like the noisome propaganda posters, likely to make the planet more accomodating to tourists hailing from other factions. Upon booting up your TriPad, you are imediately assaulted with advertisements for the many planetside amusement parks and zoos, and it takes almost a minute to clear them out. You follow the signs hung on the ceiling of the port, directing you towards the marketplace.""marketFlavorTextColor",,,
flavorTextMarketDERavaryeaSneak,TradePanelFlavorText,"$market.id == ravaryea score:1000
$global.tradePanelMode == MARKET
$player.transponderOn == false","AddText"" Your shuttle lands in the thick of one of the few primary jungles covering Ravaryea so as to avoid detection. Walking out of the shuttle, you are immediately assaulted by the smell of lush greenery and surprisingly humid and hot air, considering the distance of Ravaryea from its sun. Trudging through the thick jungle, you endure almost an hour of insect bites and noisy animal calls before finally reaching a boardwalk trailing along the villas used as habitation for more affluent tourists. The suspicious and alarmed glares of the inhabitants are quickly quelled by your half-hearted excuse that you were a worker checking up on the 'lights in the jungle', and you follow the boardwalk and wooden signs towards the main port concourse. "" marketFlavorTextColor
",,,
flavorTextMarketDEViewport,TradePanelFlavorText,"$market.id == andor_viewport score:1000
$global.tradePanelMode == MARKET","AddText"" After touching down in the large and spacious port concourse, you enter the main hall to be greeted with the main entrance of the Lion's Guard Campus, complete with a large purple banner reading 'Serve the Lion, Enrol Now!' draped over it. All around you are students rushing from place to place, or reading books on benches and tables, or chatting with friends. After being processed by the entrance guards, you are escorted to the right wing of the campus, which is where you're told the military equipment and ships are sold, away from the prying eyes of mischievous Guard students."" marketFlavorTextColor",,,
flavorTextMarketDEViewportSneak,TradePanelFlavorText,"$market.id == andor_viewport score:1000
$global.tradePanelMode == MARKET
$player.transponderOn == false","AddText"" Your shuttle stops over a maintainence shaft in the bowels of the main concourse, away from the many prying eyes of the Diktat patrols surrounding the upper structure. Walking through the dark shaft, you make it into a maze of corridors, apparently one of the lower levels of the academy. A few students pass by you, but they seem to have more pressing matters on their minds than worrying about your presence. "" marketFlavorTextColor
AddText ""After finally decoding the astonishingly convoluted maps of the academy, you manage to stumble your way to the right wing and somehow manage to make yourself look like a person who was authorized to come here. While most legal traders refuse to trade to you without express evidence that you were authorized, other less scrupulous or desperate traders are more than willing to sell you wares."" marketFlavorTextColor",,,
flavorTextMarketDERyzan,TradePanelFlavorText,"$market.id == ryzan_supercomplex score:1000
$global.tradePanelMode == MARKET","AddText"" Weaving through the jutting irregularities of protruding hab-modules, your shuttle makes its way to the gargantuan port module situated in the centre of the complex. The main port concourse is extremely crowded with everything from tramp freighters to transit shuttles to Dikat-marked combat ships residing in the spaceport. Outside of thick multi-layered glass windows, you can faintly see the starlight glint on bronze colour that signifies the multiple Diktat fleets perpetually standing guard over Ryzan Supercomplex."" marketFlavorTextColor
AddText "" Curiously, on many surfaces, there are reminders to always follow the map of Ryzan Supercomplex given to all spacers who enter it, with a reference to a helpline operated by the Diktat for anyone 'lost in the depths of the Ryzan Supercomplex'. On promenant bulkheads there lie massive maps of the full station; concerningly, dozens of Missing posters cover the area around these maps, the oldest of which are already yellowing and frayed at the edges."" marketFlavorTextColor",,,
#END Trade panel flavor text,,,,,,