{
    "availableCaptains":[
        {
            "captainId":"uaf_capt_solvernia",
            "captainNameFirst":"Solvernia",
            "captainNameLast":"Auroria",
            "captainGender":"female",
            "captainTags":["VNSector"],
            "captainFaction":"sindrian_diktat",
            "captainRankId":"spaceCommander",
            "captainPostId":"baseFleetCommander",
            "captainPhotoSprite":"graphics/portraits/portrait15.png",
            "captainPersonalities":"steady",
            "captainSkills":[
                {
                    "skillId":"space_operations",
                    "skillLevel":2
                }
            ]
        },
    ],
    "availableFleets":[
        {
            "fleetId":"de_escort_fleet",
            "fleetName":"The Pride of The Executor",
            "fleetType":"patrolLarge",
            "fleetDuration":365,
            "fleetDescription":"The supreme escort of Sindria and the personal guard fleet of the Diktat's capital.",
            "fleetCaptain":"uaf_capt_solvernia",
            "fleetFlagship":"odyssey_Balanced", #executor
            "fleetFlagshipName":"test",
            "fleetGreeting":"State your business, starfarer.",
            "fleetAssignment":"steady",
            "fleetComposition":[
                "odyssey_Balanced",
                "odyssey_Balanced",
                "odyssey_Balanced",
                "odyssey_Balanced",
                "conquest_Standard",
                "conquest_Standard",
                "conquest_Standard",
                "conquest_Standard",
                "conquest_Standard",
                "eagle_Balanced",
                "eagle_Balanced",
                "eagle_Balanced",
                "eagle_Assault",
                "eagle_Assault",
                "champion_Escort",
                "champion_Escort",
                "champion_Escort",
                "champion_Escort",
                "champion_Escort",
                "gryphon_Standard",
                "heron_Strike",
                "heron_Strike",
                "heron_Strike",
                "heron_Strike",
                "heron_Strike",
                "falcon_CS",
                "falcon_CS",
                "falcon_CS",
                "falcon_CS",
                "falcon_CS",
                "hammerhead_Balanced",
                "hammerhead_Balanced",
                "hammerhead_Balanced",
                "hammerhead_Balanced",
                "hammerhead_Balanced",
                "sunder_Assault",
                "sunder_Assault",
                "sunder_Assault",
                "monitor_Escort",
                "monitor_Escort",
                "monitor_Escort",
                "monitor_Escort",
                "monitor_Escort",
                "centurion_Assault",
                "centurion_Assault",
                "centurion_Assault",
                "centurion_Assault",
                "centurion_Assault"
            ]
        }
    ],
 
}