{
  "id": "Diktat Enhancement",
  "name": "Diktat Enhancement",
  "author": "JAL28",
  "version": "1.0.6",
  "description": "Gives the Sindrian Diktat extra markets, as well as adds industries and conditions to existing markets. Aimed to give the Diktat an actual fighting chance in Nexerelin rounds. Intended to be used with Nexerelin. Now with PAGSM compatibility.",
  "gameVersion": "0.95.1a-RC6",
  "jars": [
    "jars/DE.jar"
  ],
  "dependencies": [
        {
            "id": "nexerelin",
            "name": "Nexerelin",
        },
    ],
  "modPlugin": "data.scripts.DE_ModPlugin"
}