name,id,tier,rarity,base value,range,damage/second,damage/shot,emp,impact,turn rate,OPs,ammo,ammo/sec,reload size,type,energy/shot,energy/second,chargeup,chargedown,burst size,burst delay,min spread,max spread,spread/shot,spread decay/sec,beam speed,proj speed,launch speed,flight time,proj hitpoints,autofireAccBonus,extraArcForAI,hints,tags,groupTag,tech/manufacturer,for weapon tooltip>>,primaryRoleStr,speedStr,trackingStr,turnRateStr,accuracyStr,,,,customAncillaryHL,noDPSInTooltip,number,
Modified Squall MLRS,de_squall,,0,,2500,,250,100,15,20,0,1,,,KINETIC,0,,0,1,1,0.5,0,0,0,0,,600,100,10,200,,,"DO_NOT_AIM, STRIKE, MISSILE_SPREAD, SYSTEM","missile19, strike15, no_drop",,Sindrian Diktat,,Suppression,Very Fast,Special,,,,,,,,1,#16.2
Devastator Barrage,de_devestator_barrage,,0,,800,,100,,40,60,0,60,,20,HIGH_EXPLOSIVE,25,,0,2,20,0.1,5,30,5,5,,700,,,100,,,"PD, PD_ALSO, SYSTEM","he16, pd14, no_drop",,Sindrian Diktat,,Anti Fighter (Area),,,,,,,,,,2,
Nephrops Left Claw,de_nephrops_clawleft,,0,,500,,50,,10,20,0,,,,FRAGMENTATION,50,,0,1,1,,0,10,2,10,,700,,,30,,,"PD, SYSTEM","pd13, no_drop",,Sindrian Diktat,,Light Point Defense (Area),,,,,,,,,,3,
Nephrops Right Claw,de_nephrops_clawright,,0,,500,,50,,10,20,0,,,,FRAGMENTATION,50,,0,1,1,,0,10,2,10,,700,,,30,,,"PD, SYSTEM","pd13, no_drop",,Sindrian Diktat,,Light Point Defense (Area),,,,,,,,,,4,
Metanephrops Left Claw,de_metanephrops_clawleft,,0,,500,,50,,10,20,0,,,,FRAGMENTATION,50,,0,1,1,,0,10,2,10,,700,,,30,,,"PD, SYSTEM","pd13, no_drop",,Sindrian Fuel Company,,Light Point Defense (Area),,,,,,,,,,5,
Metanephrops Right Claw,de_metanephrops_clawright,,0,,500,,50,,10,20,0,,,,FRAGMENTATION,50,,0,1,1,,0,10,2,10,,700,,,30,,,"PD, SYSTEM","pd13, no_drop",,Sindrian Fuel Company,,Light Point Defense (Area),,,,,,,,,,6,
Homarus Left Claw,de_homarus_clawleft,,0,,800,300,,,0,20,0,,,,ENERGY,300,,0.25,0.5,1,10,,,,,3200,,,,,,,SYSTEM,"energy14, beam10, no_drop",,Sindrian Diktat,,Suppression,,,,,,,,,,7,
Homarus Right Claw,de_homarus_clawright,,0,,200,200,,,0,40,0,9,,3,HIGH_EXPLOSIVE,150,,0.1,0.1,3,5,,,,,10000,,,,,,,SYSTEM,"pd13, no_drop",,Sindrian Diktat,,Anti-Armour,,,,,,,,,,8,
Squall MLRS Tube,de_squall_tube,,0,,2500,,250,100,15,20,20,,,,KINETIC,100,,0,10,10,0.5,0,0,0,0,,600,100,4.75,300,,,"DO_NOT_AIM, CONSERVE_3, STRIKE, USE_VS_FRIGATES, MISSILE_SPREAD, SYSTEM","missile19, strike15, no_drop",,Sindrian Diktat,,Suppression,Very Fast,Special,,,Unguided after a brief initial aiming stage.,,,,,16.2,