id,variant,tags,tier,rarity,fleet pts,op cost,formation,range,attackRunRange,attackPositionOffset,num,role,role desc,refit,base value,,,,,,,,,,,,,number
de_flurry_bomber_wing,de_flurry_Bomber,"bomber5, bomber, mid, sindrian_diktat",2,,6,17,BOX,5000,1000,300,2,BOMBER,Support Bomber,30,15000,,,,,,,,,,,,,1
de_bretasinge_wing,de_bretasinge_Escort,"support3, fighter, mid, sindrian_diktat",2,0.8,10,25,BOX,0,400,,1,SUPPORT,Defense Drone,60,30000,,,,,,,,,,,,,2
de_bretais_wing,de_bretais_Escort,"support3, fighter, mid, sindrian_diktat",2,,5,12,V,0,400,,3,SUPPORT,Support Drone,15,8000,,,,,,,,,,,,,3
,,,,,,,,,,,,,,,,,,,,,,,,,,,,4
,,,,,,,,,,,,,,,,,,,,,,,,,,,,5