name,id,designation,tech/manufacturer,system id,fleet pts,hitpoints,armor rating,max flux,8/6/5/4%,flux dissipation,ordnance points,fighter bays,max speed,acceleration,deceleration,max turn rate,turn acceleration,mass,shield type,defense id,shield arc,shield upkeep,shield efficiency,phase cost,phase upkeep,min crew,max crew,cargo,fuel,fuel/ly,range,max burn,base value,cr %/day,CR to deploy,peak CR sec,CR loss/sec,supplies/rec,supplies/mo,c/s,c/f,f/s,f/f,crew/s,crew/f,hints,tags,rarity,breakProb,minPieces,maxPieces,travel drive,number
# Fighters,,,,,,,,,,,,,,,,,,,,,,,,,,,,,,,,,,,,,,,,,,,,,,,,,,,,,
Flurry,de_flurry,,Sindrian Diktat,flarelauncher_fighter,,750,150,800,,50,0,,175,200,100,90,100,80,FRONT,,240,0,1,,,1,1,,,,,,,,,,,,,,,,,,,,,,,,,,
Bretasinge,de_bretasinge,,Sindrian Diktat,ammofeed,,600,50,500,,50,0,,110,75,50,90,75,300,NONE,,,,,,,0,0,,,,,,,,,,,,,,,,,,,,,,,,,,
Bretais,de_bretais,,Sindrian Diktat,,,300,50,400,,50,0,,175,400,200,90,180,30,OMNI,,120,0,0.8,,,0,0,,,,,,,,,,,,,,,,,,,,,,,,,,
Flurry(LG),de_flurry_LG,,Sindrian Diktat,flarelauncher_fighter,,500,100,500,,50,0,,140,150,75,90,75,120,FRONT,,240,0,1,,,1,1,,,,,,,,,,,,,,,,,,,,,,,,,,
Bretasinge(LG),de_bretasinge_LG,,Sindrian Diktat,,,800,100,750,,100,0,,50,50,25,270,100,400,NONE,,,,,,,0,0,,,,,,,,,,,,,,,,,,,,,,,,,,
Bretais(LG),de_bretais_LG,,Sindrian Diktat,,,250,50,400,,50,0,,200,500,250,90,180,30,OMNI,,120,0,1,,,0,0,,,,,,,,,,,,,,,,,,,,,,,,,,
Nephrops,de_nephrops,,Sindrian Diktat,flarelauncher_fighter,,400,30,400,,50,0,,175,200,100,90,100,100,FRONT,,270,0,1,,,2,2,,,,,,,,,,,,,,,,,,,,,,,,,,
Metanephrops,de_metanephrops,,Sindrian Fuel Company,flarelauncher_fighter,,400,30,400,,50,0,,175,200,100,90,100,100,FRONT,,270,0,1,,,2,2,,,,,,,,,,,,,,,,,,,,,,,,,,
Homarus,de_homarus,,Sindrian Diktat,flarelauncher_fighter,,800,75,1000,,50,0,,125,100,50,90,100,150,FRONT,,270,0,0.8,,,3,3,,,,,,,,,,,,,,,,,,,,,,,,,,